event_id,event,ctx,dist,sentence_text,tags,entities,chunks
E:-1325102996,Current government instructions are based on a three-tier regional risk assessment,covid-19 outbreak,1,"The first wave of the COVID-19 outbreak and related deaths were mainly concentrated in the northern regions , the second wave has spread more widely geographically , facilitated by the easing of the lockdown restrictions , especially on movement , implemented in June and subsequent summer holidays .","DT,JJ,NN,IN,DT,NN,NN,CC,JJ,NNS,VBD,RB,VBN,IN,DT,JJ,NNS,,,DT,JJ,NN,VBZ,VBN,RBR,RB,RB,,,VBN,IN,DT,NN,IN,DT,NN,NNS,,,RB,IN,NN,,,VBN,IN,NNP,CC,JJ,NN,NNS,.","O,ORDINAL,O,O,O,MISC,O,O,O,O,O,O,O,O,O,O,O,O,O,ORDINAL,O,O,O,O,O,O,O,O,O,O,O,O,O,O,O,O,O,O,O,O,O,O,DATE,O,O,DATE,O,O","B-NP,I-NP,I-NP,B-PP,B-NP,I-NP,I-NP,I-NP,I-NP,I-NP,B-VP,I-VP,I-VP,B-PP,B-NP,I-NP,I-NP,O,B-NP,I-NP,I-NP,B-VP,I-VP,B-ADVP,I-ADVP,B-ADVP,O,B-VP,B-PP,B-NP,I-NP,B-PP,B-NP,I-NP,I-NP,O,B-ADVP,B-PP,B-NP,O,B-VP,B-PP,B-NP,O,B-NP,I-NP,I-NP,O"
E:-170867264,mean rate of 13.3 emergency admissions per day,covid-19 outbreak,0,"A retrospective analysis of patients admitted for acute coronary syndrome at 15 hospitals in northern Italy during the early days of the COVID-19 outbreak revealed a mean rate of 13.3 emergency admissions per day compared to the 18.9 admissions during the previous year ( incidence rate ratio , 0.70 ; 95 % CI , 0.63 to 0.78 ; p < 0.001 ) ( De Filippo et al ., 2020 ) .","DT,JJ,NN,IN,NNS,VBN,IN,JJ,JJ,NN,IN,CD,NNS,IN,JJ,NNP,IN,DT,JJ,NNS,IN,DT,NN,NN,VBD,DT,JJ,NN,IN,CD,NN,NNS,IN,NN,VBN,TO,DT,CD,NNS,IN,DT,JJ,NN,-LRB-,NN,NN,NN,,,CD,:,CD,NN,NN,,,CD,TO,CD,:,NN,JJR,CD,-RRB-,-LRB-,NNP,NNP,FW,FW,FW,CD,-RRB-,.","O,O,O,O,O,O,O,O,O,O,O,NUMBER,O,O,O,COUNTRY,O,DURATION,DURATION,DURATION,O,O,MISC,O,O,O,O,O,O,NUMBER,O,O,O,DURATION,O,O,O,NUMBER,O,O,DATE,DATE,DATE,O,O,O,O,O,NUMBER,O,PERCENT,PERCENT,O,O,NUMBER,O,NUMBER,O,O,O,NUMBER,O,O,O,O,O,O,O,DATE,O,O","B-NP,I-NP,I-NP,B-PP,B-NP,B-VP,B-PP,B-NP,I-NP,I-NP,B-PP,B-NP,I-NP,B-PP,B-NP,I-NP,B-PP,B-NP,I-NP,I-NP,B-PP,B-NP,I-NP,I-NP,B-VP,B-NP,I-NP,I-NP,B-PP,B-NP,I-NP,I-NP,B-PP,B-NP,B-PP,B-PP,B-NP,I-NP,I-NP,B-PP,B-NP,I-NP,I-NP,I-NP,I-NP,I-NP,I-NP,O,B-NP,O,B-NP,I-NP,I-NP,O,B-NP,B-PP,B-NP,O,B-NP,B-NP,I-NP,I-NP,I-NP,I-NP,I-NP,I-NP,I-NP,I-NP,I-NP,I-NP,O"
E:1775953113,"incidence rate ratio, 0.70; 95% CI, 0.63 to 0.78; p < 0.001",covid-19 outbreak,0,"A retrospective analysis of patients admitted for acute coronary syndrome at 15 hospitals in northern Italy during the early days of the COVID-19 outbreak revealed a mean rate of 13.3 emergency admissions per day compared to the 18.9 admissions during the previous year ( incidence rate ratio , 0.70 ; 95 % CI , 0.63 to 0.78 ; p < 0.001 ) ( De Filippo et al ., 2020 ) .","DT,JJ,NN,IN,NNS,VBN,IN,JJ,JJ,NN,IN,CD,NNS,IN,JJ,NNP,IN,DT,JJ,NNS,IN,DT,NN,NN,VBD,DT,JJ,NN,IN,CD,NN,NNS,IN,NN,VBN,TO,DT,CD,NNS,IN,DT,JJ,NN,-LRB-,NN,NN,NN,,,CD,:,CD,NN,NN,,,CD,TO,CD,:,NN,JJR,CD,-RRB-,-LRB-,NNP,NNP,FW,FW,FW,CD,-RRB-,.","O,O,O,O,O,O,O,O,O,O,O,NUMBER,O,O,O,COUNTRY,O,DURATION,DURATION,DURATION,O,O,MISC,O,O,O,O,O,O,NUMBER,O,O,O,DURATION,O,O,O,NUMBER,O,O,DATE,DATE,DATE,O,O,O,O,O,NUMBER,O,PERCENT,PERCENT,O,O,NUMBER,O,NUMBER,O,O,O,NUMBER,O,O,O,O,O,O,O,DATE,O,O","B-NP,I-NP,I-NP,B-PP,B-NP,B-VP,B-PP,B-NP,I-NP,I-NP,B-PP,B-NP,I-NP,B-PP,B-NP,I-NP,B-PP,B-NP,I-NP,I-NP,B-PP,B-NP,I-NP,I-NP,B-VP,B-NP,I-NP,I-NP,B-PP,B-NP,I-NP,I-NP,B-PP,B-NP,B-PP,B-PP,B-NP,I-NP,I-NP,B-PP,B-NP,I-NP,I-NP,I-NP,I-NP,I-NP,I-NP,O,B-NP,O,B-NP,I-NP,I-NP,O,B-NP,B-PP,B-NP,O,B-NP,B-NP,I-NP,I-NP,I-NP,I-NP,I-NP,I-NP,I-NP,I-NP,I-NP,I-NP,O"
E:-170867264,mean rate of 13.3 emergency admissions per day,during the early days of the covid-19 outbreak,0,"A retrospective analysis of patients admitted for acute coronary syndrome at 15 hospitals in northern Italy during the early days of the COVID-19 outbreak revealed a mean rate of 13.3 emergency admissions per day compared to the 18.9 admissions during the previous year ( incidence rate ratio , 0.70 ; 95 % CI , 0.63 to 0.78 ; p < 0.001 ) ( De Filippo et al ., 2020 ) .","DT,JJ,NN,IN,NNS,VBN,IN,JJ,JJ,NN,IN,CD,NNS,IN,JJ,NNP,IN,DT,JJ,NNS,IN,DT,NN,NN,VBD,DT,JJ,NN,IN,CD,NN,NNS,IN,NN,VBN,TO,DT,CD,NNS,IN,DT,JJ,NN,-LRB-,NN,NN,NN,,,CD,:,CD,NN,NN,,,CD,TO,CD,:,NN,JJR,CD,-RRB-,-LRB-,NNP,NNP,FW,FW,FW,CD,-RRB-,.","O,O,O,O,O,O,O,O,O,O,O,NUMBER,O,O,O,COUNTRY,O,DURATION,DURATION,DURATION,O,O,MISC,O,O,O,O,O,O,NUMBER,O,O,O,DURATION,O,O,O,NUMBER,O,O,DATE,DATE,DATE,O,O,O,O,O,NUMBER,O,PERCENT,PERCENT,O,O,NUMBER,O,NUMBER,O,O,O,NUMBER,O,O,O,O,O,O,O,DATE,O,O","B-NP,I-NP,I-NP,B-PP,B-NP,B-VP,B-PP,B-NP,I-NP,I-NP,B-PP,B-NP,I-NP,B-PP,B-NP,I-NP,B-PP,B-NP,I-NP,I-NP,B-PP,B-NP,I-NP,I-NP,B-VP,B-NP,I-NP,I-NP,B-PP,B-NP,I-NP,I-NP,B-PP,B-NP,B-PP,B-PP,B-NP,I-NP,I-NP,B-PP,B-NP,I-NP,I-NP,I-NP,I-NP,I-NP,I-NP,O,B-NP,O,B-NP,I-NP,I-NP,O,B-NP,B-PP,B-NP,O,B-NP,B-NP,I-NP,I-NP,I-NP,I-NP,I-NP,I-NP,I-NP,I-NP,I-NP,I-NP,O"
E:1775953113,"incidence rate ratio, 0.70; 95% CI, 0.63 to 0.78; p < 0.001",during the early days of the covid-19 outbreak,0,"A retrospective analysis of patients admitted for acute coronary syndrome at 15 hospitals in northern Italy during the early days of the COVID-19 outbreak revealed a mean rate of 13.3 emergency admissions per day compared to the 18.9 admissions during the previous year ( incidence rate ratio , 0.70 ; 95 % CI , 0.63 to 0.78 ; p < 0.001 ) ( De Filippo et al ., 2020 ) .","DT,JJ,NN,IN,NNS,VBN,IN,JJ,JJ,NN,IN,CD,NNS,IN,JJ,NNP,IN,DT,JJ,NNS,IN,DT,NN,NN,VBD,DT,JJ,NN,IN,CD,NN,NNS,IN,NN,VBN,TO,DT,CD,NNS,IN,DT,JJ,NN,-LRB-,NN,NN,NN,,,CD,:,CD,NN,NN,,,CD,TO,CD,:,NN,JJR,CD,-RRB-,-LRB-,NNP,NNP,FW,FW,FW,CD,-RRB-,.","O,O,O,O,O,O,O,O,O,O,O,NUMBER,O,O,O,COUNTRY,O,DURATION,DURATION,DURATION,O,O,MISC,O,O,O,O,O,O,NUMBER,O,O,O,DURATION,O,O,O,NUMBER,O,O,DATE,DATE,DATE,O,O,O,O,O,NUMBER,O,PERCENT,PERCENT,O,O,NUMBER,O,NUMBER,O,O,O,NUMBER,O,O,O,O,O,O,O,DATE,O,O","B-NP,I-NP,I-NP,B-PP,B-NP,B-VP,B-PP,B-NP,I-NP,I-NP,B-PP,B-NP,I-NP,B-PP,B-NP,I-NP,B-PP,B-NP,I-NP,I-NP,B-PP,B-NP,I-NP,I-NP,B-VP,B-NP,I-NP,I-NP,B-PP,B-NP,I-NP,I-NP,B-PP,B-NP,B-PP,B-PP,B-NP,I-NP,I-NP,B-PP,B-NP,I-NP,I-NP,I-NP,I-NP,I-NP,I-NP,O,B-NP,O,B-NP,I-NP,I-NP,O,B-NP,B-PP,B-NP,O,B-NP,B-NP,I-NP,I-NP,I-NP,I-NP,I-NP,I-NP,I-NP,I-NP,I-NP,I-NP,O"
E:-765456869,those affected by chronic conditions,2020,4,"14 % in Lombardy , between 1st February and 14th April , of which about 37.4 % of ficially due to COVID-19 ( Istituto Superiore di Sanita , 2020 ) .","CD,NN,IN,NNP,,,IN,CD,NNP,CC,JJ,NNP,,,IN,WDT,IN,CD,NN,IN,RB,JJ,TO,NN,-LRB-,NNP,NNP,NNP,NNP,,,CD,-RRB-,.","PERCENT,PERCENT,O,LOCATION,O,O,DATE,DATE,O,DATE,DATE,O,O,O,O,PERCENT,PERCENT,O,O,O,O,O,O,ORGANIZATION,ORGANIZATION,ORGANIZATION,ORGANIZATION,O,DATE,O,O","B-NP,I-NP,B-PP,B-NP,O,B-PP,B-NP,I-NP,I-NP,I-NP,I-NP,O,B-PP,B-NP,B-NP,I-NP,I-NP,B-PP,B-NP,I-NP,B-PP,B-NP,I-NP,I-NP,I-NP,I-NP,I-NP,O,B-NP,I-NP,O"
E:485826745,"reimbursement codes, which caused the occurrence of inter-regional differences",2020,8,"14 % in Lombardy , between 1st February and 14th April , of which about 37.4 % of ficially due to COVID-19 ( Istituto Superiore di Sanita , 2020 ) .","CD,NN,IN,NNP,,,IN,CD,NNP,CC,JJ,NNP,,,IN,WDT,IN,CD,NN,IN,RB,JJ,TO,NN,-LRB-,NNP,NNP,NNP,NNP,,,CD,-RRB-,.","PERCENT,PERCENT,O,LOCATION,O,O,DATE,DATE,O,DATE,DATE,O,O,O,O,PERCENT,PERCENT,O,O,O,O,O,O,ORGANIZATION,ORGANIZATION,ORGANIZATION,ORGANIZATION,O,DATE,O,O","B-NP,I-NP,B-PP,B-NP,O,B-PP,B-NP,I-NP,I-NP,I-NP,I-NP,O,B-PP,B-NP,B-NP,I-NP,I-NP,B-PP,B-NP,I-NP,B-PP,B-NP,I-NP,I-NP,I-NP,I-NP,I-NP,O,B-NP,I-NP,O"
E:166257913,"which, if completed, will result in a more than doubled overall pre-pandemic capacity",2020,0,"A further 30 % expansion ( almost 2400 beds ) to the already expanded ICU bed numbers has been planned ( April 2020 ) which , if completed , will result in a more than doubled overall pre-pandemic capacity .","DT,JJ,CD,NN,NN,-LRB-,RB,CD,NNS,-RRB-,TO,DT,RB,VBN,NNP,NN,NNS,VBZ,VBN,VBN,-LRB-,NNP,CD,-RRB-,WDT,,,IN,VBN,,,MD,VB,IN,DT,JJR,IN,VBD,JJ,JJ,NN,.","O,O,PERCENT,PERCENT,O,O,O,NUMBER,O,O,O,O,O,O,O,O,O,O,O,O,O,DATE,DATE,O,O,O,O,O,O,O,O,O,O,O,O,O,O,O,O,O","B-NP,I-NP,I-NP,I-NP,I-NP,B-VP,B-NP,I-NP,I-NP,B-VP,B-PP,B-NP,I-NP,I-NP,I-NP,I-NP,I-NP,B-VP,I-VP,I-VP,B-NP,I-NP,I-NP,I-NP,I-NP,O,B-SBAR,B-VP,O,B-VP,I-VP,B-PP,O,B-ADVP,I-ADVP,B-VP,B-NP,I-NP,I-NP,O"
E:-1691729564,needs were dependent on the epidemiological development and severity of the COVID-19 outbreak,2020,1,"A further 30 % expansion ( almost 2400 beds ) to the already expanded ICU bed numbers has been planned ( April 2020 ) which , if completed , will result in a more than doubled overall pre-pandemic capacity .","DT,JJ,CD,NN,NN,-LRB-,RB,CD,NNS,-RRB-,TO,DT,RB,VBN,NNP,NN,NNS,VBZ,VBN,VBN,-LRB-,NNP,CD,-RRB-,WDT,,,IN,VBN,,,MD,VB,IN,DT,JJR,IN,VBD,JJ,JJ,NN,.","O,O,PERCENT,PERCENT,O,O,O,NUMBER,O,O,O,O,O,O,O,O,O,O,O,O,O,DATE,DATE,O,O,O,O,O,O,O,O,O,O,O,O,O,O,O,O,O","B-NP,I-NP,I-NP,I-NP,I-NP,B-VP,B-NP,I-NP,I-NP,B-VP,B-PP,B-NP,I-NP,I-NP,I-NP,I-NP,I-NP,B-VP,I-VP,I-VP,B-NP,I-NP,I-NP,I-NP,I-NP,O,B-SBAR,B-VP,O,B-VP,I-VP,B-PP,O,B-ADVP,I-ADVP,B-VP,B-NP,I-NP,I-NP,O"
E:-1995612470,capacity to treat surgical patients decrease,2020,0,"Most regional health care systems have seen the capacity to treat surgical patients decrease dramatically because of the reallocation of resources to the pandemic response , and following government 's advice to suspend all non urgent elective surgery ( Mayol and Fernandez Perez , 2020 ) .","JJS,JJ,NN,NN,NNS,VBP,VBN,DT,NN,TO,VB,JJ,NNS,VBP,RB,IN,IN,DT,NN,IN,NNS,TO,DT,JJ,NN,,,CC,VBG,NN,POS,NN,TO,VB,DT,JJ,JJ,JJ,NN,-LRB-,NNP,CC,NNP,NNP,,,CD,-RRB-,.","O,O,O,O,O,O,O,O,O,O,O,O,O,O,O,O,O,O,O,O,O,O,O,O,O,O,O,O,O,O,O,O,O,O,O,O,O,CAUSE_OF_DEATH,O,PERSON,O,PERSON,PERSON,O,DATE,O,O","B-NP,I-NP,I-NP,I-NP,I-NP,B-VP,I-VP,B-NP,I-NP,B-VP,I-VP,B-NP,I-NP,B-VP,B-ADVP,B-PP,I-PP,B-NP,I-NP,B-PP,B-NP,B-PP,B-NP,I-NP,I-NP,O,O,B-PP,B-NP,B-NP,I-NP,B-VP,I-VP,B-NP,I-NP,I-NP,I-NP,I-NP,I-NP,I-NP,I-NP,I-NP,I-NP,O,B-NP,I-NP,O"
E:1038914529,"31st January 2020, the Italian Government declared",2020,0,"On 31st January 2020 , the Italian Government declared a national emergency in order to be able to face the incoming COVID-19 crisis .","IN,JJ,NNP,CD,,,DT,JJ,NN,VBD,DT,JJ,NN,IN,NN,TO,VB,JJ,TO,VB,DT,JJ,NN,NN,.","O,DATE,DATE,DATE,O,O,NATIONALITY,O,O,O,O,O,O,O,O,O,O,O,O,O,MISC,O,O,O","B-PP,B-NP,I-NP,I-NP,O,B-NP,I-NP,I-NP,B-VP,B-NP,I-NP,I-NP,B-SBAR,O,B-VP,I-VP,B-ADJP,B-VP,I-VP,B-NP,I-NP,I-NP,I-NP,O"
E:-1716002397,detection of the first two COVID-19 cases,2020,0,"Between 31st January 2020 , when a state of national emergency was declared after the detection of the first two COVID-19 cases in Rome , and the easing of the stringent lockdown restrictions at the beginning of June , Italy was ' hit by nothing short of a tsunami of unprecedented forces , punctuated by an incessant stream of deaths .","IN,JJ,NNP,CD,,,WRB,DT,NN,IN,JJ,NN,VBD,VBN,IN,DT,NN,IN,DT,JJ,CD,NN,NNS,IN,NNP,,,CC,DT,NN,IN,DT,JJ,NN,NNS,IN,DT,NN,IN,NNP,,,NNP,VBD,'',VBN,IN,NN,JJ,IN,DT,NN,IN,JJ,NNS,,,VBN,IN,DT,JJ,NN,IN,NNS,.","O,DATE,DATE,DATE,O,O,O,O,O,O,O,O,O,O,O,O,O,O,ORDINAL,NUMBER,MISC,O,O,CITY,O,O,O,O,O,O,O,O,O,O,DATE,DATE,DATE,DATE,O,COUNTRY,O,O,O,O,O,O,O,O,O,O,O,O,O,O,O,O,O,O,O,O,O","B-PP,B-NP,I-NP,I-NP,O,B-ADVP,B-NP,I-NP,B-PP,B-NP,I-NP,B-VP,I-VP,B-PP,B-NP,I-NP,B-PP,B-NP,I-NP,I-NP,I-NP,I-NP,B-PP,B-NP,O,O,B-NP,I-NP,B-PP,B-NP,I-NP,I-NP,I-NP,B-PP,B-NP,I-NP,B-PP,B-NP,O,B-NP,B-VP,I-VP,I-VP,B-PP,B-NP,B-ADJP,B-PP,B-NP,I-NP,B-PP,B-NP,I-NP,O,B-VP,B-PP,B-NP,I-NP,I-NP,B-PP,B-NP,O"
E:-645984318,"Unita Speciali di Continuita Assistenziale, USCA,",2020,0,"However early on in the pandemic ( March 2020 ) , the central government required the creation of special units ( Unita Speciali di Continuita Assistenziale , USCA , 1 every 50,000 inhabitants ) to manage COVID-19 patients , who did not require hospital care , to be followed in the community , including the monitoring of people in home-isolation ( DL , 2020a , 2020b ) .","RB,RB,IN,IN,DT,JJ,-LRB-,NNP,CD,-RRB-,,,DT,JJ,NN,VBD,DT,NN,IN,JJ,NNS,-LRB-,NNP,NNP,FW,NNP,NNP,,,NNP,,,CD,DT,CD,NNS,-RRB-,TO,VB,NN,NNS,,,WP,VBD,RB,VB,NN,NN,,,TO,VB,VBN,IN,DT,NN,,,VBG,DT,NN,IN,NNS,IN,NN,-LRB-,NN,,,NN,,,JJ,-RRB-,.","O,O,O,O,O,O,O,DATE,DATE,O,O,O,O,O,O,O,O,O,O,O,O,ORGANIZATION,ORGANIZATION,ORGANIZATION,ORGANIZATION,ORGANIZATION,O,ORGANIZATION,O,NUMBER,O,NUMBER,O,O,O,O,MISC,O,O,O,O,O,O,O,O,O,O,O,O,O,O,O,O,O,O,O,O,O,O,O,O,O,O,O,O,O,O,O","B-ADVP,I-ADVP,B-PP,B-PP,B-NP,I-NP,I-NP,I-NP,I-NP,I-NP,O,B-NP,I-NP,I-NP,B-VP,B-NP,I-NP,B-PP,B-NP,I-NP,I-NP,I-NP,I-NP,I-NP,I-NP,I-NP,I-NP,I-NP,I-NP,I-NP,B-NP,I-NP,I-NP,B-NP,B-VP,I-VP,B-NP,I-NP,O,B-NP,B-VP,I-VP,I-VP,B-NP,I-NP,O,B-VP,I-VP,I-VP,B-PP,B-NP,I-NP,O,B-PP,B-NP,I-NP,B-PP,B-NP,B-PP,B-NP,I-NP,I-NP,O,B-NP,O,O,O,O"
E:-1356809400,"2019, the Italian government started",2019,0,"In 2019 , the Italian government started to redress the financing of the SSN , increasing its funding to 114.5 billion EUR ( +1.59 % increase in nominal terms ) , with further forecasted increases of 2 billion EUR and 1.5 billion EUR for 2020 and 2021 , respectively ( Citoni et al ., 2020 ; de Belvis et al ., 2020 ) .","IN,CD,,,DT,JJ,NN,VBD,TO,VB,DT,NN,IN,DT,NNP,,,VBG,PRP$,NN,TO,CD,CD,$,-LRB-,CD,NN,NN,IN,JJ,NNS,-RRB-,,,IN,JJ,JJ,NNS,IN,CD,CD,$,CC,CD,CD,$,IN,CD,CC,CD,,,RB,-LRB-,NNP,FW,FW,FW,CD,:,FW,FW,FW,FW,FW,CD,-RRB-,.","O,DATE,O,O,NATIONALITY,O,O,O,O,O,O,O,O,O,O,O,O,O,O,NUMBER,NUMBER,O,O,PERCENT,PERCENT,O,O,O,O,O,O,O,O,O,O,O,MONEY,MONEY,O,O,MONEY,MONEY,O,O,DATE,O,DATE,O,O,O,O,O,O,O,DATE,O,O,O,O,O,O,DATE,O,O","B-PP,B-NP,O,B-NP,I-NP,I-NP,B-VP,I-VP,I-VP,B-NP,I-NP,B-PP,B-NP,I-NP,O,B-VP,B-NP,I-NP,B-PP,B-NP,I-NP,I-NP,I-NP,I-NP,I-NP,I-NP,B-PP,B-NP,I-NP,I-NP,O,B-PP,B-NP,I-NP,I-NP,B-PP,B-NP,I-NP,I-NP,I-NP,I-NP,I-NP,I-NP,B-PP,B-NP,I-NP,I-NP,O,B-NP,I-NP,I-NP,I-NP,I-NP,I-NP,I-NP,O,B-NP,I-NP,I-NP,I-NP,I-NP,I-NP,I-NP,O"
E:-1163634376,average mortality rate of the period 1 January-30 April,2019,0,"Two months after the beginning of the first wave , the estimated excess deaths in Lombardy , the hardest hit region in the country , reached a peak of more than 23,000 deaths , equivalent to an excess mortality of +118 % compared to the average mortality rate of the period 1 January-30 April 2015-2019 ( Ghislandi et al ., 2020 ; ISTAT , 2020 ) .","CD,NNS,IN,DT,NN,IN,DT,JJ,NN,,,DT,VBN,JJ,NNS,IN,NNP,,,DT,RBS,VBN,NN,IN,DT,NN,,,VBD,DT,NN,IN,JJR,IN,CD,NNS,,,JJ,TO,DT,JJ,NN,IN,CD,NN,VBN,TO,DT,JJ,NN,NN,IN,DT,NN,CD,NN,NNP,CD,-LRB-,NNP,FW,FW,FW,CD,:,NNP,,,CD,-RRB-,.","DURATION,DURATION,O,O,O,O,O,ORDINAL,O,O,O,O,O,O,O,LOCATION,O,O,O,O,O,O,O,O,O,O,O,O,O,O,O,NUMBER,O,O,O,O,O,O,O,O,PERCENT,PERCENT,O,O,O,O,O,O,O,O,O,NUMBER,O,DATE,DATE,O,O,O,O,O,DATE,O,ORGANIZATION,O,DATE,O,O","B-NP,I-NP,O,B-NP,I-NP,B-PP,B-NP,I-NP,I-NP,O,B-NP,I-NP,I-NP,I-NP,B-PP,B-NP,O,B-NP,I-NP,I-NP,I-NP,B-PP,B-NP,I-NP,O,B-VP,B-NP,I-NP,B-PP,B-NP,I-NP,I-NP,I-NP,O,B-ADJP,B-PP,B-NP,I-NP,I-NP,B-PP,B-NP,I-NP,B-PP,B-PP,B-NP,I-NP,I-NP,I-NP,B-PP,B-NP,I-NP,I-NP,I-NP,I-NP,I-NP,I-NP,I-NP,I-NP,I-NP,I-NP,I-NP,O,B-NP,O,B-NP,I-NP,O"
E:1023194711,public health care expenditure was 74%,2019,0,"In 2019 , public health care expenditure was 74 % of total health care expenditure ( THE ) and 6.5 % of GDP .","IN,CD,,,JJ,NN,NN,NN,VBD,CD,NN,IN,JJ,NN,NN,NN,-LRB-,DT,-RRB-,CC,CD,NN,IN,NNP,.","O,DATE,O,O,O,O,O,O,PERCENT,PERCENT,O,O,O,O,O,O,O,O,O,PERCENT,PERCENT,O,O,O","B-PP,B-NP,O,B-NP,I-NP,I-NP,I-NP,B-VP,B-NP,I-NP,B-PP,B-NP,I-NP,I-NP,I-NP,I-NP,I-NP,I-NP,O,B-NP,I-NP,B-PP,B-NP,O"
E:-1668495985,outbreak of SARS-CoV-2 has unevenly affected Italian regions,none,128,None .,"NN,.","O,O","B-NP,O"
E:485826745,"reimbursement codes, which caused the occurrence of inter-regional differences",covid-19 crisis,26,6.1.2 Hospital facilities and ICU beds One of the key bottlenecks of the recent COVID-19 crisis has been the lack of adequate ICU facilities .,"CD,NN,NNS,CC,NN,NNS,CD,IN,DT,JJ,NNS,IN,DT,JJ,NN,NN,VBZ,VBN,DT,NN,IN,JJ,NN,NNS,.","NUMBER,O,O,O,O,O,NUMBER,O,O,O,O,O,O,O,MISC,O,O,O,O,O,O,O,O,O,O","B-NP,I-NP,I-NP,I-NP,I-NP,I-NP,B-NP,B-PP,B-NP,I-NP,I-NP,B-PP,B-NP,I-NP,I-NP,I-NP,B-VP,I-VP,B-NP,I-NP,B-PP,B-NP,I-NP,I-NP,O"
E:-1225991413,"General Data Protection Regulation (GDPR),",covid-19 crisis,0,"The COVID-19 crisis boosted the digitisation process in Italy , thanks to a relaxation of usual red tapes ( General Data Protection Regulation ( GDPR ) , procurement rules and organisational resistance ) in two ways .","DT,NN,NN,VBD,DT,NN,NN,IN,NNP,,,NNS,TO,DT,NN,IN,JJ,JJ,NNS,-LRB-,NNP,NNP,NNP,NN,-LRB-,NN,-RRB-,,,NN,NNS,CC,JJ,NN,-RRB-,IN,CD,NNS,.","O,MISC,O,O,O,O,O,O,COUNTRY,O,O,O,O,O,O,O,O,O,O,TITLE,O,O,O,O,O,O,O,O,O,O,O,O,O,O,NUMBER,O,O","B-NP,I-NP,I-NP,B-VP,B-NP,I-NP,I-NP,B-PP,B-NP,O,B-ADVP,B-PP,B-NP,I-NP,B-PP,B-NP,I-NP,I-NP,B-VP,B-NP,I-NP,I-NP,I-NP,I-NP,I-NP,I-NP,O,B-NP,I-NP,O,B-NP,I-NP,B-VP,B-PP,B-NP,I-NP,O"
E:-1002533524,it led to further investments in technological infrastructure necessary,covid-19 crisis,3,"The COVID-19 crisis boosted the digitisation process in Italy , thanks to a relaxation of usual red tapes ( General Data Protection Regulation ( GDPR ) , procurement rules and organisational resistance ) in two ways .","DT,NN,NN,VBD,DT,NN,NN,IN,NNP,,,NNS,TO,DT,NN,IN,JJ,JJ,NNS,-LRB-,NNP,NNP,NNP,NN,-LRB-,NN,-RRB-,,,NN,NNS,CC,JJ,NN,-RRB-,IN,CD,NNS,.","O,MISC,O,O,O,O,O,O,COUNTRY,O,O,O,O,O,O,O,O,O,O,TITLE,O,O,O,O,O,O,O,O,O,O,O,O,O,O,NUMBER,O,O","B-NP,I-NP,I-NP,B-VP,B-NP,I-NP,I-NP,B-PP,B-NP,O,B-ADVP,B-PP,B-NP,I-NP,B-PP,B-NP,I-NP,I-NP,B-VP,B-NP,I-NP,I-NP,I-NP,I-NP,I-NP,I-NP,O,B-NP,I-NP,O,B-NP,I-NP,B-VP,B-PP,B-NP,I-NP,O"
E:-1965077179,"COVID-19 crisis has also been instrumental in Italy, as in many other European countries, in fostering the adoption of already existing digital technology by shifting to, and increasing",covid-19 crisis,0,"However , the COVID-19 crisis has also been instrumental in Italy , as in many other European countries , in fostering the adoption of already existing digital technology by shifting to , and increasing the of fer of , telemedicine , for example .","RB,,,DT,NN,NN,VBZ,RB,VBN,JJ,IN,NNP,,,IN,IN,JJ,JJ,JJ,NNS,,,IN,VBG,DT,NN,IN,RB,VBG,JJ,NN,IN,VBG,TO,,,CC,VBG,DT,IN,NN,IN,,,NN,,,IN,NN,.","O,O,O,MISC,O,O,O,O,O,O,COUNTRY,O,O,O,O,O,NATIONALITY,O,O,O,O,O,O,O,O,O,O,O,O,O,O,O,O,O,O,O,O,O,O,O,O,O,O,O","B-ADVP,O,B-NP,I-NP,I-NP,B-VP,I-VP,I-VP,B-ADJP,B-PP,B-NP,O,B-PP,B-PP,B-NP,I-NP,I-NP,I-NP,O,B-PP,B-VP,B-NP,I-NP,B-PP,B-ADVP,B-VP,B-NP,I-NP,B-PP,B-VP,I-VP,I-VP,I-VP,I-VP,B-NP,B-PP,B-NP,B-PP,O,B-NP,O,B-PP,B-NP,O"
E:783854186,they have contributed to the excess deaths observed,covid-19 crisis,13,"response to the COVID-19 crisis mainly a hospital-centred response , especially in Lombardy .","NN,TO,DT,NN,NN,RB,DT,JJ,NN,,,RB,IN,NNP,.","O,O,O,MISC,O,O,O,O,O,O,O,O,LOCATION,O","B-NP,B-PP,B-NP,I-NP,I-NP,B-ADVP,B-NP,I-NP,I-NP,O,B-ADVP,B-PP,B-NP,O"
E:1038914529,"31st January 2020, the Italian Government declared",31st january 2020,0,"On 31st January 2020 , the Italian Government declared a national emergency in order to be able to face the incoming COVID-19 crisis .","IN,JJ,NNP,CD,,,DT,JJ,NN,VBD,DT,JJ,NN,IN,NN,TO,VB,JJ,TO,VB,DT,JJ,NN,NN,.","O,DATE,DATE,DATE,O,O,NATIONALITY,O,O,O,O,O,O,O,O,O,O,O,O,O,MISC,O,O,O","B-PP,B-NP,I-NP,I-NP,O,B-NP,I-NP,I-NP,B-VP,B-NP,I-NP,I-NP,B-SBAR,O,B-VP,I-VP,B-ADJP,B-VP,I-VP,B-NP,I-NP,I-NP,I-NP,O"
E:-1716002397,detection of the first two COVID-19 cases,31st january 2020,0,"Between 31st January 2020 , when a state of national emergency was declared after the detection of the first two COVID-19 cases in Rome , and the easing of the stringent lockdown restrictions at the beginning of June , Italy was ' hit by nothing short of a tsunami of unprecedented forces , punctuated by an incessant stream of deaths .","IN,JJ,NNP,CD,,,WRB,DT,NN,IN,JJ,NN,VBD,VBN,IN,DT,NN,IN,DT,JJ,CD,NN,NNS,IN,NNP,,,CC,DT,NN,IN,DT,JJ,NN,NNS,IN,DT,NN,IN,NNP,,,NNP,VBD,'',VBN,IN,NN,JJ,IN,DT,NN,IN,JJ,NNS,,,VBN,IN,DT,JJ,NN,IN,NNS,.","O,DATE,DATE,DATE,O,O,O,O,O,O,O,O,O,O,O,O,O,O,ORDINAL,NUMBER,MISC,O,O,CITY,O,O,O,O,O,O,O,O,O,O,DATE,DATE,DATE,DATE,O,COUNTRY,O,O,O,O,O,O,O,O,O,O,O,O,O,O,O,O,O,O,O,O,O","B-PP,B-NP,I-NP,I-NP,O,B-ADVP,B-NP,I-NP,B-PP,B-NP,I-NP,B-VP,I-VP,B-PP,B-NP,I-NP,B-PP,B-NP,I-NP,I-NP,I-NP,I-NP,B-PP,B-NP,O,O,B-NP,I-NP,B-PP,B-NP,I-NP,I-NP,I-NP,B-PP,B-NP,I-NP,B-PP,B-NP,O,B-NP,B-VP,I-VP,I-VP,B-PP,B-NP,B-ADJP,B-PP,B-NP,I-NP,B-PP,B-NP,I-NP,O,B-VP,B-PP,B-NP,I-NP,I-NP,B-PP,B-NP,O"
E:-2045881973,"2005, the WHO issued",2005,0,"In 2005 , the WHO issued a list of recommendations ( WHO , 2020 ) for updating and developing a national pandemic plan , following which the Ministry of Health in Italy developed a ' National Plan for Preparation and Response to an Influenza Pandemic ' ( Ministero della Salute , 2006 ) , defining objectives and activities , agreed with the regions , to be https://doi.org/10.1017/S1744133121000141 Published online by Cambridge University Press carried out to prevent and cope with a future pandemic throughout the national territory .","IN,CD,,,DT,WP,VBD,DT,NN,IN,NNS,-LRB-,WP,,,CD,-RRB-,IN,VBG,CC,VBG,DT,JJ,JJ,NN,,,VBG,WDT,DT,NNP,IN,NNP,IN,NNP,VBD,DT,'',NNP,NNP,IN,NNP,CC,NNP,TO,DT,NNP,NN,'',-LRB-,NNP,FW,FW,,,CD,-RRB-,,,VBG,NNS,CC,NNS,,,VBD,IN,DT,NNS,,,TO,VB,NN,VBN,NN,IN,NNP,NNP,NNP,VBD,RP,TO,VB,CC,VB,IN,DT,JJ,NN,IN,DT,JJ,NN,.","O,DATE,O,O,ORGANIZATION,O,O,O,O,O,O,O,O,DATE,O,O,O,O,O,O,O,O,O,O,O,O,O,ORGANIZATION,ORGANIZATION,ORGANIZATION,O,COUNTRY,O,O,O,O,O,O,O,O,O,O,O,CAUSE_OF_DEATH,MISC,O,O,O,O,O,O,DATE,O,O,O,O,O,O,O,O,O,O,O,O,O,O,URL,O,O,O,ORGANIZATION,ORGANIZATION,ORGANIZATION,O,O,O,O,O,O,O,O,DATE,O,O,O,O,O,O","B-PP,B-NP,O,B-NP,I-NP,B-VP,B-NP,I-NP,B-PP,B-NP,B-VP,B-NP,O,B-NP,I-NP,B-PP,B-VP,I-VP,I-VP,B-NP,I-NP,I-NP,I-NP,O,B-PP,B-NP,O,O,B-PP,B-NP,B-PP,B-NP,B-VP,B-NP,I-NP,I-NP,I-NP,B-PP,B-NP,I-NP,I-NP,B-PP,B-NP,I-NP,I-NP,I-NP,I-NP,I-NP,I-NP,I-NP,I-NP,I-NP,I-NP,O,B-VP,B-NP,I-NP,I-NP,O,B-VP,B-PP,B-NP,I-NP,O,B-VP,I-VP,B-NP,I-NP,I-NP,B-PP,B-NP,I-NP,I-NP,B-VP,B-PRT,B-VP,I-VP,I-VP,I-VP,B-PP,B-NP,I-NP,I-NP,B-PP,B-NP,I-NP,I-NP,O"
E:1899714711,new plan includes an explicit monitoring function of the implementation of the plan,2005,9,"In 2005 , the WHO issued a list of recommendations ( WHO , 2020 ) for updating and developing a national pandemic plan , following which the Ministry of Health in Italy developed a ' National Plan for Preparation and Response to an Influenza Pandemic ' ( Ministero della Salute , 2006 ) , defining objectives and activities , agreed with the regions , to be https://doi.org/10.1017/S1744133121000141 Published online by Cambridge University Press carried out to prevent and cope with a future pandemic throughout the national territory .","IN,CD,,,DT,WP,VBD,DT,NN,IN,NNS,-LRB-,WP,,,CD,-RRB-,IN,VBG,CC,VBG,DT,JJ,JJ,NN,,,VBG,WDT,DT,NNP,IN,NNP,IN,NNP,VBD,DT,'',NNP,NNP,IN,NNP,CC,NNP,TO,DT,NNP,NN,'',-LRB-,NNP,FW,FW,,,CD,-RRB-,,,VBG,NNS,CC,NNS,,,VBD,IN,DT,NNS,,,TO,VB,NN,VBN,NN,IN,NNP,NNP,NNP,VBD,RP,TO,VB,CC,VB,IN,DT,JJ,NN,IN,DT,JJ,NN,.","O,DATE,O,O,ORGANIZATION,O,O,O,O,O,O,O,O,DATE,O,O,O,O,O,O,O,O,O,O,O,O,O,ORGANIZATION,ORGANIZATION,ORGANIZATION,O,COUNTRY,O,O,O,O,O,O,O,O,O,O,O,CAUSE_OF_DEATH,MISC,O,O,O,O,O,O,DATE,O,O,O,O,O,O,O,O,O,O,O,O,O,O,URL,O,O,O,ORGANIZATION,ORGANIZATION,ORGANIZATION,O,O,O,O,O,O,O,O,DATE,O,O,O,O,O,O","B-PP,B-NP,O,B-NP,I-NP,B-VP,B-NP,I-NP,B-PP,B-NP,B-VP,B-NP,O,B-NP,I-NP,B-PP,B-VP,I-VP,I-VP,B-NP,I-NP,I-NP,I-NP,O,B-PP,B-NP,O,O,B-PP,B-NP,B-PP,B-NP,B-VP,B-NP,I-NP,I-NP,I-NP,B-PP,B-NP,I-NP,I-NP,B-PP,B-NP,I-NP,I-NP,I-NP,I-NP,I-NP,I-NP,I-NP,I-NP,I-NP,I-NP,O,B-VP,B-NP,I-NP,I-NP,O,B-VP,B-PP,B-NP,I-NP,O,B-VP,I-VP,B-NP,I-NP,I-NP,B-PP,B-NP,I-NP,I-NP,B-VP,B-PRT,B-VP,I-VP,I-VP,I-VP,B-PP,B-NP,I-NP,I-NP,B-PP,B-NP,I-NP,I-NP,O"
E:902720017,excess mortality of +118%,two months after the beginning of the first wave,0,"Two months after the beginning of the first wave , the estimated excess deaths in Lombardy , the hardest hit region in the country , reached a peak of more than 23,000 deaths , equivalent to an excess mortality of +118 % compared to the average mortality rate of the period 1 January-30 April 2015-2019 ( Ghislandi et al ., 2020 ; ISTAT , 2020 ) .","CD,NNS,IN,DT,NN,IN,DT,JJ,NN,,,DT,VBN,JJ,NNS,IN,NNP,,,DT,RBS,VBN,NN,IN,DT,NN,,,VBD,DT,NN,IN,JJR,IN,CD,NNS,,,JJ,TO,DT,JJ,NN,IN,CD,NN,VBN,TO,DT,JJ,NN,NN,IN,DT,NN,CD,NN,NNP,CD,-LRB-,NNP,FW,FW,FW,CD,:,NNP,,,CD,-RRB-,.","DURATION,DURATION,O,O,O,O,O,ORDINAL,O,O,O,O,O,O,O,LOCATION,O,O,O,O,O,O,O,O,O,O,O,O,O,O,O,NUMBER,O,O,O,O,O,O,O,O,PERCENT,PERCENT,O,O,O,O,O,O,O,O,O,NUMBER,O,DATE,DATE,O,O,O,O,O,DATE,O,ORGANIZATION,O,DATE,O,O","B-NP,I-NP,O,B-NP,I-NP,B-PP,B-NP,I-NP,I-NP,O,B-NP,I-NP,I-NP,I-NP,B-PP,B-NP,O,B-NP,I-NP,I-NP,I-NP,B-PP,B-NP,I-NP,O,B-VP,B-NP,I-NP,B-PP,B-NP,I-NP,I-NP,I-NP,O,B-ADJP,B-PP,B-NP,I-NP,I-NP,B-PP,B-NP,I-NP,B-PP,B-PP,B-NP,I-NP,I-NP,I-NP,B-PP,B-NP,I-NP,I-NP,I-NP,I-NP,I-NP,I-NP,I-NP,I-NP,I-NP,I-NP,I-NP,O,B-NP,O,B-NP,I-NP,O"
E:620437479,"number increased to 13,000 in 2014",2014,0,"Despite recent attempts by the Italian government to address this imbalance through increasing the number of students training to become nurse ( the number increased to 13,000 in 2014 from a low 3100 ) , the COVID-19 crisis has heightened the shortage of health care professionals suffered by the SSN , with a pre-COVID-19 incidence of medical personnel of about 95 workers per 10,000 inhabitants ( 57 nurses , 19 doctors and 19 other technical staff ) .","IN,JJ,NNS,IN,DT,JJ,NN,TO,VB,DT,NN,IN,VBG,DT,NN,IN,NNS,VBG,TO,VB,NN,-LRB-,DT,NN,VBN,TO,CD,IN,CD,IN,DT,JJ,CD,-RRB-,,,DT,NN,NN,VBZ,VBN,DT,NN,IN,NN,NN,NNS,VBN,IN,DT,NNP,,,IN,DT,NN,NN,IN,JJ,NNS,IN,IN,CD,NNS,IN,CD,NNS,-LRB-,CD,NNS,,,CD,NNS,CC,CD,JJ,JJ,NN,-RRB-,.","O,O,O,O,O,NATIONALITY,O,O,O,O,O,O,O,O,O,O,O,O,O,O,TITLE,O,O,O,O,O,NUMBER,O,DATE,O,O,O,NUMBER,O,O,O,MISC,O,O,O,O,O,O,O,O,O,O,O,O,O,O,O,O,O,O,O,O,O,O,O,NUMBER,O,O,NUMBER,O,O,NUMBER,O,O,NUMBER,O,O,NUMBER,O,O,O,O,O","B-PP,B-NP,I-NP,B-PP,B-NP,I-NP,I-NP,B-VP,I-VP,B-NP,I-NP,B-PP,B-VP,B-NP,I-NP,B-PP,B-NP,B-VP,B-VP,I-VP,B-NP,B-VP,B-NP,I-NP,B-VP,B-PP,B-NP,B-PP,B-NP,B-PP,B-NP,I-NP,I-NP,I-NP,O,B-NP,I-NP,I-NP,B-VP,I-VP,B-NP,I-NP,B-PP,B-NP,I-NP,B-NP,B-VP,B-PP,B-NP,I-NP,O,B-PP,B-NP,I-NP,I-NP,B-PP,B-NP,I-NP,B-PP,B-NP,I-NP,I-NP,B-PP,B-NP,I-NP,B-NP,I-NP,I-NP,O,B-NP,I-NP,O,B-NP,I-NP,I-NP,I-NP,I-NP,O"
E:428823888,share which increased by 36% between 2000 and 2017,between 2000 and 2017,0,"According to the OECD Health at a Glance Indicators ( OECD , 2019 ) , in 2017 Italy had the largest share ( 55 vs 34 % OECD average ) of medical doctors aged 55 and over among all OECD countries - a share which increased by 36 % between 2000 and 2017 .","VBG,TO,DT,NNP,NNP,IN,DT,NNP,NNPS,-LRB-,NNP,,,CD,-RRB-,,,IN,CD,NNP,VBD,DT,JJS,NN,-LRB-,CD,CC,CD,NN,NNP,JJ,-RRB-,IN,JJ,NNS,JJ,CD,CC,IN,IN,DT,NNP,NNS,:,DT,NN,WDT,VBN,IN,CD,NN,IN,CD,CC,CD,.","O,O,O,ORGANIZATION,ORGANIZATION,O,O,O,O,O,ORGANIZATION,O,DATE,O,O,O,DATE,COUNTRY,O,O,O,O,O,NUMBER,O,PERCENT,PERCENT,O,O,O,O,O,O,O,NUMBER,O,O,O,O,ORGANIZATION,O,O,O,O,O,O,O,PERCENT,PERCENT,O,DATE,DATE,DATE,O","B-PP,B-PP,B-NP,I-NP,I-NP,B-PP,B-NP,I-NP,I-NP,I-NP,I-NP,O,B-NP,I-NP,O,B-PP,B-NP,I-NP,B-VP,B-NP,I-NP,I-NP,B-VP,B-NP,I-NP,I-NP,I-NP,I-NP,I-NP,I-NP,B-PP,B-NP,I-NP,B-ADJP,B-ADVP,I-ADVP,I-ADVP,B-PP,B-NP,I-NP,I-NP,O,B-NP,I-NP,B-NP,B-VP,B-PP,B-NP,I-NP,B-PP,B-NP,I-NP,I-NP,O"
E:260642419,share which increased,between 2000 and 2017,0,"According to the OECD Health at a Glance Indicators ( OECD , 2019 ) , in 2017 Italy had the largest share ( 55 vs 34 % OECD average ) of medical doctors aged 55 and over among all OECD countries - a share which increased by 36 % between 2000 and 2017 .","VBG,TO,DT,NNP,NNP,IN,DT,NNP,NNPS,-LRB-,NNP,,,CD,-RRB-,,,IN,CD,NNP,VBD,DT,JJS,NN,-LRB-,CD,CC,CD,NN,NNP,JJ,-RRB-,IN,JJ,NNS,JJ,CD,CC,IN,IN,DT,NNP,NNS,:,DT,NN,WDT,VBN,IN,CD,NN,IN,CD,CC,CD,.","O,O,O,ORGANIZATION,ORGANIZATION,O,O,O,O,O,ORGANIZATION,O,DATE,O,O,O,DATE,COUNTRY,O,O,O,O,O,NUMBER,O,PERCENT,PERCENT,O,O,O,O,O,O,O,NUMBER,O,O,O,O,ORGANIZATION,O,O,O,O,O,O,O,PERCENT,PERCENT,O,DATE,DATE,DATE,O","B-PP,B-PP,B-NP,I-NP,I-NP,B-PP,B-NP,I-NP,I-NP,I-NP,I-NP,O,B-NP,I-NP,O,B-PP,B-NP,I-NP,B-VP,B-NP,I-NP,I-NP,B-VP,B-NP,I-NP,I-NP,I-NP,I-NP,I-NP,I-NP,B-PP,B-NP,I-NP,B-ADJP,B-ADVP,I-ADVP,I-ADVP,B-PP,B-NP,I-NP,I-NP,O,B-NP,I-NP,B-NP,B-VP,B-PP,B-NP,I-NP,B-PP,B-NP,I-NP,I-NP,O"
E:1158695828,number increased,between 2000 and 2017,4,"According to the OECD Health at a Glance Indicators ( OECD , 2019 ) , in 2017 Italy had the largest share ( 55 vs 34 % OECD average ) of medical doctors aged 55 and over among all OECD countries - a share which increased by 36 % between 2000 and 2017 .","VBG,TO,DT,NNP,NNP,IN,DT,NNP,NNPS,-LRB-,NNP,,,CD,-RRB-,,,IN,CD,NNP,VBD,DT,JJS,NN,-LRB-,CD,CC,CD,NN,NNP,JJ,-RRB-,IN,JJ,NNS,JJ,CD,CC,IN,IN,DT,NNP,NNS,:,DT,NN,WDT,VBN,IN,CD,NN,IN,CD,CC,CD,.","O,O,O,ORGANIZATION,ORGANIZATION,O,O,O,O,O,ORGANIZATION,O,DATE,O,O,O,DATE,COUNTRY,O,O,O,O,O,NUMBER,O,PERCENT,PERCENT,O,O,O,O,O,O,O,NUMBER,O,O,O,O,ORGANIZATION,O,O,O,O,O,O,O,PERCENT,PERCENT,O,DATE,DATE,DATE,O","B-PP,B-PP,B-NP,I-NP,I-NP,B-PP,B-NP,I-NP,I-NP,I-NP,I-NP,O,B-NP,I-NP,O,B-PP,B-NP,I-NP,B-VP,B-NP,I-NP,I-NP,B-VP,B-NP,I-NP,I-NP,I-NP,I-NP,I-NP,I-NP,B-PP,B-NP,I-NP,B-ADJP,B-ADVP,I-ADVP,I-ADVP,B-PP,B-NP,I-NP,I-NP,O,B-NP,I-NP,B-NP,B-VP,B-PP,B-NP,I-NP,B-PP,B-NP,I-NP,I-NP,O"
E:-1987833444,"weekly total of 50,552 operations",12-week period,0,"In Italy , it has been estimated that a weekly total of 50,552 operations have been cancelled over the 12-week period of peak disruption .","IN,NNP,,,PRP,VBZ,VBN,VBN,IN,DT,JJ,NN,IN,CD,NNS,VBP,VBN,VBN,IN,DT,JJ,NN,IN,JJ,NN,.","O,COUNTRY,O,O,O,O,O,O,O,SET,O,O,NUMBER,O,O,O,O,O,O,DURATION,O,O,O,O,O","B-PP,B-NP,O,B-NP,B-VP,I-VP,I-VP,B-SBAR,B-NP,I-NP,I-NP,B-PP,B-NP,I-NP,B-VP,I-VP,I-VP,B-PP,B-NP,I-NP,I-NP,B-PP,B-NP,I-NP,O"
E:-648141576,"new National Preparedness Plan (PanFlu 2021-2023),",more recently,0,"More recently the Ministry of Health developed a new National Preparedness Plan ( PanFlu 2021-2023 ) , which identifies all the necessary actions that ought to be followed to avoid the health care system being overwhelmed again ( Ministero della Salute , 2021 ) .","RBR,RB,DT,NNP,IN,NNP,VBD,DT,JJ,NNP,NN,NN,-LRB-,NN,CD,-RRB-,,,WDT,VBZ,PDT,DT,JJ,NNS,WDT,MD,TO,VB,VBN,TO,VB,DT,NN,NN,NN,VBG,VBN,RB,-LRB-,NNP,NNP,NNP,,,CD,-RRB-,.","O,DATE,O,ORGANIZATION,ORGANIZATION,ORGANIZATION,O,O,O,O,O,O,O,O,DURATION,O,O,O,O,O,O,O,O,O,O,O,O,O,O,O,O,O,O,O,O,O,O,O,O,O,O,O,DATE,O,O","B-ADVP,I-ADVP,O,O,B-PP,B-NP,B-VP,B-NP,I-NP,I-NP,I-NP,I-NP,I-NP,I-NP,B-NP,I-NP,O,B-NP,B-VP,B-NP,I-NP,I-NP,I-NP,B-NP,B-VP,I-VP,I-VP,I-VP,B-VP,I-VP,B-NP,I-NP,I-NP,I-NP,B-VP,I-VP,B-ADVP,B-NP,I-NP,I-NP,I-NP,O,B-NP,I-NP,O"
E:-2103842484,"pre-COVID-19 incidence of medical personnel of about 95 workers per 10,000",pre-covid-19,0,"Despite recent attempts by the Italian government to address this imbalance through increasing the number of students training to become nurse ( the number increased to 13,000 in 2014 from a low 3100 ) , the COVID-19 crisis has heightened the shortage of health care professionals suffered by the SSN , with a pre-COVID-19 incidence of medical personnel of about 95 workers per 10,000 inhabitants ( 57 nurses , 19 doctors and 19 other technical staff ) .","IN,JJ,NNS,IN,DT,JJ,NN,TO,VB,DT,NN,IN,VBG,DT,NN,IN,NNS,VBG,TO,VB,NN,-LRB-,DT,NN,VBN,TO,CD,IN,CD,IN,DT,JJ,CD,-RRB-,,,DT,NN,NN,VBZ,VBN,DT,NN,IN,NN,NN,NNS,VBN,IN,DT,NNP,,,IN,DT,NN,NN,IN,JJ,NNS,IN,IN,CD,NNS,IN,CD,NNS,-LRB-,CD,NNS,,,CD,NNS,CC,CD,JJ,JJ,NN,-RRB-,.","O,O,O,O,O,NATIONALITY,O,O,O,O,O,O,O,O,O,O,O,O,O,O,TITLE,O,O,O,O,O,NUMBER,O,DATE,O,O,O,NUMBER,O,O,O,MISC,O,O,O,O,O,O,O,O,O,O,O,O,O,O,O,O,O,O,O,O,O,O,O,NUMBER,O,O,NUMBER,O,O,NUMBER,O,O,NUMBER,O,O,NUMBER,O,O,O,O,O","B-PP,B-NP,I-NP,B-PP,B-NP,I-NP,I-NP,B-VP,I-VP,B-NP,I-NP,B-PP,B-VP,B-NP,I-NP,B-PP,B-NP,B-VP,B-VP,I-VP,B-NP,B-VP,B-NP,I-NP,B-VP,B-PP,B-NP,B-PP,B-NP,B-PP,B-NP,I-NP,I-NP,I-NP,O,B-NP,I-NP,I-NP,B-VP,I-VP,B-NP,I-NP,B-PP,B-NP,I-NP,B-NP,B-VP,B-PP,B-NP,I-NP,O,B-PP,B-NP,I-NP,I-NP,B-PP,B-NP,I-NP,B-PP,B-NP,I-NP,I-NP,B-PP,B-NP,I-NP,B-NP,I-NP,I-NP,O,B-NP,I-NP,O,B-NP,I-NP,I-NP,I-NP,I-NP,O"
E:-1149302494,"rest of the major diagnostic groups, heavily affected by the emergency",during the covid-19 emergency,2,"A report by Nomisma , an Italian business consultancy company , estimated that during the COVID-19 emergency , 75 % of elective surgeries was postponed .","DT,NN,IN,NNP,,,DT,JJ,NN,NN,NN,,,VBD,IN,IN,DT,NN,NN,,,CD,NN,IN,JJ,NNS,VBD,VBN,.","O,O,O,PERSON,O,O,NATIONALITY,O,O,O,O,O,O,O,O,MISC,O,O,PERCENT,PERCENT,O,O,O,O,O,O","B-NP,I-NP,B-PP,B-NP,O,B-NP,I-NP,I-NP,I-NP,I-NP,O,B-VP,B-SBAR,B-PP,B-NP,I-NP,I-NP,O,B-NP,I-NP,B-PP,B-NP,I-NP,B-VP,I-VP,O"
E:-1500835818,SSN has implemented a decentralised model since the early 1990s,since the early 1990s,0,"Unlike other centrally managed national health care systems , the SSN has implemented a decentralised model since the early 1990s with complementary responsibilities allocated to the central and regional levels of government ( Ferre et al ., 2014 ) .","IN,JJ,RB,VBN,JJ,NN,NN,NNS,,,DT,NNP,VBZ,VBN,DT,JJ,NN,IN,DT,JJ,CD,IN,JJ,NNS,VBN,TO,DT,JJ,CC,JJ,NNS,IN,NN,-LRB-,NNP,FW,FW,FW,CD,-RRB-,.","O,O,O,O,O,O,O,O,O,O,O,O,O,O,O,TITLE,O,DATE,DATE,DATE,O,O,O,O,O,O,O,O,O,O,O,O,O,O,O,O,O,DATE,O,O","B-PP,B-NP,I-NP,I-NP,I-NP,I-NP,I-NP,I-NP,O,B-NP,I-NP,B-VP,I-VP,B-NP,I-NP,I-NP,B-PP,B-NP,I-NP,I-NP,B-PP,B-NP,I-NP,B-VP,B-PP,B-NP,I-NP,I-NP,I-NP,I-NP,B-PP,B-NP,I-NP,I-NP,I-NP,I-NP,I-NP,I-NP,I-NP,O"
E:378589066,"Livelli Essenziali di Assistenza, LEA",since the early 1990s,1,"Unlike other centrally managed national health care systems , the SSN has implemented a decentralised model since the early 1990s with complementary responsibilities allocated to the central and regional levels of government ( Ferre et al ., 2014 ) .","IN,JJ,RB,VBN,JJ,NN,NN,NNS,,,DT,NNP,VBZ,VBN,DT,JJ,NN,IN,DT,JJ,CD,IN,JJ,NNS,VBN,TO,DT,JJ,CC,JJ,NNS,IN,NN,-LRB-,NNP,FW,FW,FW,CD,-RRB-,.","O,O,O,O,O,O,O,O,O,O,O,O,O,O,O,TITLE,O,DATE,DATE,DATE,O,O,O,O,O,O,O,O,O,O,O,O,O,O,O,O,O,DATE,O,O","B-PP,B-NP,I-NP,I-NP,I-NP,I-NP,I-NP,I-NP,O,B-NP,I-NP,B-VP,I-VP,B-NP,I-NP,I-NP,B-PP,B-NP,I-NP,I-NP,B-PP,B-NP,I-NP,B-VP,B-PP,B-NP,I-NP,I-NP,I-NP,I-NP,B-PP,B-NP,I-NP,I-NP,I-NP,I-NP,I-NP,I-NP,I-NP,O"
E:2048573837,development of 21 different regional/provincial health care sub-systems,since the early 1990s,4,"Unlike other centrally managed national health care systems , the SSN has implemented a decentralised model since the early 1990s with complementary responsibilities allocated to the central and regional levels of government ( Ferre et al ., 2014 ) .","IN,JJ,RB,VBN,JJ,NN,NN,NNS,,,DT,NNP,VBZ,VBN,DT,JJ,NN,IN,DT,JJ,CD,IN,JJ,NNS,VBN,TO,DT,JJ,CC,JJ,NNS,IN,NN,-LRB-,NNP,FW,FW,FW,CD,-RRB-,.","O,O,O,O,O,O,O,O,O,O,O,O,O,O,O,TITLE,O,DATE,DATE,DATE,O,O,O,O,O,O,O,O,O,O,O,O,O,O,O,O,O,DATE,O,O","B-PP,B-NP,I-NP,I-NP,I-NP,I-NP,I-NP,I-NP,O,B-NP,I-NP,B-VP,I-VP,B-NP,I-NP,I-NP,B-PP,B-NP,I-NP,I-NP,B-PP,B-NP,I-NP,B-VP,B-PP,B-NP,I-NP,I-NP,I-NP,I-NP,B-PP,B-NP,I-NP,I-NP,I-NP,I-NP,I-NP,I-NP,I-NP,O"
E:-1948248775,decentralised model has basically led to the development of 21 different regional/provincial health care sub-systems,since the early 1990s,4,"Unlike other centrally managed national health care systems , the SSN has implemented a decentralised model since the early 1990s with complementary responsibilities allocated to the central and regional levels of government ( Ferre et al ., 2014 ) .","IN,JJ,RB,VBN,JJ,NN,NN,NNS,,,DT,NNP,VBZ,VBN,DT,JJ,NN,IN,DT,JJ,CD,IN,JJ,NNS,VBN,TO,DT,JJ,CC,JJ,NNS,IN,NN,-LRB-,NNP,FW,FW,FW,CD,-RRB-,.","O,O,O,O,O,O,O,O,O,O,O,O,O,O,O,TITLE,O,DATE,DATE,DATE,O,O,O,O,O,O,O,O,O,O,O,O,O,O,O,O,O,DATE,O,O","B-PP,B-NP,I-NP,I-NP,I-NP,I-NP,I-NP,I-NP,O,B-NP,I-NP,B-VP,I-VP,B-NP,I-NP,I-NP,B-PP,B-NP,I-NP,I-NP,B-PP,B-NP,I-NP,B-VP,B-PP,B-NP,I-NP,I-NP,I-NP,I-NP,B-PP,B-NP,I-NP,I-NP,I-NP,I-NP,I-NP,I-NP,I-NP,O"
E:-1216777389,"cap to personnel costs in 2004, for example, led to a depletion of health care professionals' competencies",2004,0,"A cap to personnel costs in 2004 , for example , led to a depletion of health care professionals ' competencies ( Noto et al ., 2020 ) .","DT,NN,TO,NNS,NNS,IN,CD,,,IN,NN,,,VBD,TO,DT,NN,IN,NN,NN,NNS,POS,NNS,-LRB-,NNP,FW,FW,FW,CD,-RRB-,.","O,O,O,O,O,O,DATE,O,O,O,O,O,O,O,O,O,O,O,O,O,O,O,O,O,O,O,DATE,O,O","B-NP,I-NP,B-PP,B-NP,I-NP,B-PP,B-NP,O,B-PP,B-NP,O,B-VP,B-PP,B-NP,I-NP,B-PP,B-NP,I-NP,B-NP,B-NP,I-NP,I-NP,I-NP,I-NP,I-NP,I-NP,I-NP,I-NP,O"
E:-1716002397,detection of the first two COVID-19 cases,between 31st january 2020,0,"Between 31st January 2020 , when a state of national emergency was declared after the detection of the first two COVID-19 cases in Rome , and the easing of the stringent lockdown restrictions at the beginning of June , Italy was ' hit by nothing short of a tsunami of unprecedented forces , punctuated by an incessant stream of deaths .","IN,JJ,NNP,CD,,,WRB,DT,NN,IN,JJ,NN,VBD,VBN,IN,DT,NN,IN,DT,JJ,CD,NN,NNS,IN,NNP,,,CC,DT,NN,IN,DT,JJ,NN,NNS,IN,DT,NN,IN,NNP,,,NNP,VBD,'',VBN,IN,NN,JJ,IN,DT,NN,IN,JJ,NNS,,,VBN,IN,DT,JJ,NN,IN,NNS,.","O,DATE,DATE,DATE,O,O,O,O,O,O,O,O,O,O,O,O,O,O,ORDINAL,NUMBER,MISC,O,O,CITY,O,O,O,O,O,O,O,O,O,O,DATE,DATE,DATE,DATE,O,COUNTRY,O,O,O,O,O,O,O,O,O,O,O,O,O,O,O,O,O,O,O,O,O","B-PP,B-NP,I-NP,I-NP,O,B-ADVP,B-NP,I-NP,B-PP,B-NP,I-NP,B-VP,I-VP,B-PP,B-NP,I-NP,B-PP,B-NP,I-NP,I-NP,I-NP,I-NP,B-PP,B-NP,O,O,B-NP,I-NP,B-PP,B-NP,I-NP,I-NP,I-NP,B-PP,B-NP,I-NP,B-PP,B-NP,O,B-NP,B-VP,I-VP,I-VP,B-PP,B-NP,B-ADJP,B-PP,B-NP,I-NP,B-PP,B-NP,I-NP,O,B-VP,B-PP,B-NP,I-NP,I-NP,B-PP,B-NP,O"
E:738169968,"Residenza Sanitaria Assistenziale, RSA",between 1st february and 14th april,169,"14 % in Lombardy , between 1st February and 14th April , of which about 37.4 % of ficially due to COVID-19 ( Istituto Superiore di Sanita , 2020 ) .","CD,NN,IN,NNP,,,IN,CD,NNP,CC,JJ,NNP,,,IN,WDT,IN,CD,NN,IN,RB,JJ,TO,NN,-LRB-,NNP,NNP,NNP,NNP,,,CD,-RRB-,.","PERCENT,PERCENT,O,LOCATION,O,O,DATE,DATE,O,DATE,DATE,O,O,O,O,PERCENT,PERCENT,O,O,O,O,O,O,ORGANIZATION,ORGANIZATION,ORGANIZATION,ORGANIZATION,O,DATE,O,O","B-NP,I-NP,B-PP,B-NP,O,B-PP,B-NP,I-NP,I-NP,I-NP,I-NP,O,B-PP,B-NP,B-NP,I-NP,I-NP,B-PP,B-NP,I-NP,B-PP,B-NP,I-NP,I-NP,I-NP,I-NP,I-NP,O,B-NP,I-NP,O"
E:1507312830,average of 9.1%,between 1st february and 14th april,171,"14 % in Lombardy , between 1st February and 14th April , of which about 37.4 % of ficially due to COVID-19 ( Istituto Superiore di Sanita , 2020 ) .","CD,NN,IN,NNP,,,IN,CD,NNP,CC,JJ,NNP,,,IN,WDT,IN,CD,NN,IN,RB,JJ,TO,NN,-LRB-,NNP,NNP,NNP,NNP,,,CD,-RRB-,.","PERCENT,PERCENT,O,LOCATION,O,O,DATE,DATE,O,DATE,DATE,O,O,O,O,PERCENT,PERCENT,O,O,O,O,O,O,ORGANIZATION,ORGANIZATION,ORGANIZATION,ORGANIZATION,O,DATE,O,O","B-NP,I-NP,B-PP,B-NP,O,B-PP,B-NP,I-NP,I-NP,I-NP,I-NP,O,B-PP,B-NP,B-NP,I-NP,I-NP,B-PP,B-NP,I-NP,B-PP,B-NP,I-NP,I-NP,I-NP,I-NP,I-NP,O,B-NP,I-NP,O"
E:-765456869,those affected by chronic conditions,covid-19 health crisis,0,"5 The shift to digital care During the COVID-19 health crisis , as people were asked to shelter-in-place , health care systems had to quickly move to other , innovative , forms of providing continued care to the population , especially the elderly and those affected by chronic conditions .","CD,DT,NN,TO,JJ,NN,IN,DT,NN,NN,NN,,,IN,NNS,VBD,VBN,TO,NN,,,NN,NN,NNS,VBD,TO,RB,VB,TO,JJ,,,JJ,,,NNS,IN,VBG,JJ,NN,TO,DT,NN,,,RB,DT,JJ,CC,DT,VBN,IN,JJ,NNS,.","NUMBER,O,O,O,O,O,O,O,MISC,O,O,O,O,O,O,O,O,O,O,O,O,O,O,O,O,O,O,O,O,O,O,O,O,O,O,O,O,O,O,O,O,O,O,O,O,O,O,O,O,O","B-NP,B-NP,I-NP,B-PP,B-NP,I-NP,B-PP,B-NP,I-NP,I-NP,I-NP,O,B-SBAR,B-NP,B-VP,I-VP,B-PP,B-NP,O,B-NP,I-NP,I-NP,B-VP,I-VP,I-VP,I-VP,B-PP,B-NP,I-NP,I-NP,I-NP,I-NP,B-PP,B-VP,B-NP,I-NP,B-PP,B-NP,I-NP,O,B-ADVP,B-NP,I-NP,O,B-NP,B-VP,B-PP,B-NP,I-NP,O"
E:-468736132,"daily rise of COVID-19 cases and related deaths, which led to the re-introduction of movement restrictions, curfews and early daily closures of businesses",covid-19 pandemic,31,"Schrag D , Hershman DL and Basch E ( 2020 ) oncology practice during the Covid-19 pandemic .","NN,NN,,,NNP,NNP,CC,NNP,NNP,-LRB-,CD,-RRB-,NN,NN,IN,DT,NN,NN,.","PERSON,O,O,PERSON,O,O,PERSON,O,O,DATE,O,O,O,O,O,MISC,MISC,O","B-NP,I-NP,O,B-NP,I-NP,O,B-NP,I-NP,I-NP,I-NP,I-NP,I-NP,I-NP,B-PP,B-NP,I-NP,I-NP,O"
E:-1716002397,detection of the first two COVID-19 cases,beginning of june,0,"Between 31st January 2020 , when a state of national emergency was declared after the detection of the first two COVID-19 cases in Rome , and the easing of the stringent lockdown restrictions at the beginning of June , Italy was ' hit by nothing short of a tsunami of unprecedented forces , punctuated by an incessant stream of deaths .","IN,JJ,NNP,CD,,,WRB,DT,NN,IN,JJ,NN,VBD,VBN,IN,DT,NN,IN,DT,JJ,CD,NN,NNS,IN,NNP,,,CC,DT,NN,IN,DT,JJ,NN,NNS,IN,DT,NN,IN,NNP,,,NNP,VBD,'',VBN,IN,NN,JJ,IN,DT,NN,IN,JJ,NNS,,,VBN,IN,DT,JJ,NN,IN,NNS,.","O,DATE,DATE,DATE,O,O,O,O,O,O,O,O,O,O,O,O,O,O,ORDINAL,NUMBER,MISC,O,O,CITY,O,O,O,O,O,O,O,O,O,O,DATE,DATE,DATE,DATE,O,COUNTRY,O,O,O,O,O,O,O,O,O,O,O,O,O,O,O,O,O,O,O,O,O","B-PP,B-NP,I-NP,I-NP,O,B-ADVP,B-NP,I-NP,B-PP,B-NP,I-NP,B-VP,I-VP,B-PP,B-NP,I-NP,B-PP,B-NP,I-NP,I-NP,I-NP,I-NP,B-PP,B-NP,O,O,B-NP,I-NP,B-PP,B-NP,I-NP,I-NP,I-NP,B-PP,B-NP,I-NP,B-PP,B-NP,O,B-NP,B-VP,I-VP,I-VP,B-PP,B-NP,B-ADJP,B-PP,B-NP,I-NP,B-PP,B-NP,I-NP,O,B-VP,B-PP,B-NP,I-NP,I-NP,B-PP,B-NP,O"
E:-551179881,2007 bail-out plans in some regions resulted in the downsizing of hospital capacity,2007,0,"The 2007 bail-out plans in some regions resulted in the downsizing of hospital capacity , block of staff turnover and new co-payments on pharmaceutical expenditure ( Bordignon and Turati , 2009 ; Piacenza and Turati , 2014 ) .","DT,CD,NN,NNS,IN,DT,NNS,VBD,IN,DT,NN,IN,NN,NN,,,NN,IN,NN,NN,CC,JJ,NNS,IN,JJ,NN,-LRB-,NNP,CC,NNP,,,CD,:,NNP,CC,NNP,,,CD,-RRB-,.","O,DATE,O,O,O,O,O,O,O,O,O,O,O,O,O,O,O,O,O,O,O,O,O,O,O,O,PERSON,O,LOCATION,O,DATE,O,ORGANIZATION,O,LOCATION,O,DATE,O,O","B-NP,I-NP,I-NP,I-NP,B-PP,B-NP,I-NP,B-VP,B-PP,B-NP,I-NP,B-PP,B-NP,I-NP,O,B-NP,B-PP,B-NP,I-NP,O,B-NP,I-NP,B-PP,B-NP,I-NP,I-NP,I-NP,I-NP,I-NP,O,B-NP,O,B-NP,I-NP,I-NP,O,B-NP,I-NP,O"
E:166257913,"which, if completed, will result in a more than doubled overall pre-pandemic capacity",april 2020,0,"A further 30 % expansion ( almost 2400 beds ) to the already expanded ICU bed numbers has been planned ( April 2020 ) which , if completed , will result in a more than doubled overall pre-pandemic capacity .","DT,JJ,CD,NN,NN,-LRB-,RB,CD,NNS,-RRB-,TO,DT,RB,VBN,NNP,NN,NNS,VBZ,VBN,VBN,-LRB-,NNP,CD,-RRB-,WDT,,,IN,VBN,,,MD,VB,IN,DT,JJR,IN,VBD,JJ,JJ,NN,.","O,O,PERCENT,PERCENT,O,O,O,NUMBER,O,O,O,O,O,O,O,O,O,O,O,O,O,DATE,DATE,O,O,O,O,O,O,O,O,O,O,O,O,O,O,O,O,O","B-NP,I-NP,I-NP,I-NP,I-NP,B-VP,B-NP,I-NP,I-NP,B-VP,B-PP,B-NP,I-NP,I-NP,I-NP,I-NP,I-NP,B-VP,I-VP,I-VP,B-NP,I-NP,I-NP,I-NP,I-NP,O,B-SBAR,B-VP,O,B-VP,I-VP,B-PP,O,B-ADVP,I-ADVP,B-VP,B-NP,I-NP,I-NP,O"
E:-1691729564,needs were dependent on the epidemiological development and severity of the COVID-19 outbreak,april 2020,1,"A further 30 % expansion ( almost 2400 beds ) to the already expanded ICU bed numbers has been planned ( April 2020 ) which , if completed , will result in a more than doubled overall pre-pandemic capacity .","DT,JJ,CD,NN,NN,-LRB-,RB,CD,NNS,-RRB-,TO,DT,RB,VBN,NNP,NN,NNS,VBZ,VBN,VBN,-LRB-,NNP,CD,-RRB-,WDT,,,IN,VBN,,,MD,VB,IN,DT,JJR,IN,VBD,JJ,JJ,NN,.","O,O,PERCENT,PERCENT,O,O,O,NUMBER,O,O,O,O,O,O,O,O,O,O,O,O,O,DATE,DATE,O,O,O,O,O,O,O,O,O,O,O,O,O,O,O,O,O","B-NP,I-NP,I-NP,I-NP,I-NP,B-VP,B-NP,I-NP,I-NP,B-VP,B-PP,B-NP,I-NP,I-NP,I-NP,I-NP,I-NP,B-VP,I-VP,I-VP,B-NP,I-NP,I-NP,I-NP,I-NP,O,B-SBAR,B-VP,O,B-VP,I-VP,B-PP,O,B-ADVP,I-ADVP,B-VP,B-NP,I-NP,I-NP,O"
E:-120454001,"technical and scientific committee (hereafter CTS), comprising of high level civil servants from within the Ministry of Health, the Istituto Superiore di Sanita (National Institute of Health, ISS), regional governments and the same Civil Protection Department,",on 3rd february,0,"In particular and following the timeline of events , on 3rd February , the Civil Protection Department set up a technical and scientific committee ( hereafter CTS ) , comprising of high level civil servants from within the Ministry of Health , the Istituto Superiore di Sanita ( National Institute of Health , ISS ) , regional governments and the same Civil Protection Department , as well as clinical experts ( public health experts , virologists and clinicians ) to provide scientific advice to the government .","IN,JJ,CC,VBG,DT,NN,IN,NNS,,,IN,JJ,NNP,,,DT,JJ,NNP,NNP,VBD,RP,DT,JJ,CC,JJ,NN,-LRB-,RB,NNP,-RRB-,,,VBG,IN,JJ,NN,JJ,NNS,IN,IN,DT,NNP,IN,NNP,,,DT,NNP,NNP,NNP,NNP,-LRB-,NNP,NNP,IN,NNP,,,NNP,-RRB-,,,JJ,NNS,CC,DT,JJ,JJ,NNP,NNP,,,RB,RB,IN,JJ,NNS,-LRB-,JJ,NN,NNS,,,NNS,CC,NNS,-RRB-,TO,VB,JJ,NN,TO,DT,NN,.","O,O,O,O,O,O,O,O,O,O,DATE,DATE,O,O,ORGANIZATION,ORGANIZATION,ORGANIZATION,O,O,O,O,O,O,O,O,O,O,O,O,O,O,O,O,O,O,O,O,O,ORGANIZATION,ORGANIZATION,ORGANIZATION,O,O,ORGANIZATION,ORGANIZATION,ORGANIZATION,ORGANIZATION,ORGANIZATION,ORGANIZATION,ORGANIZATION,ORGANIZATION,ORGANIZATION,O,O,O,O,O,O,O,O,O,ORGANIZATION,ORGANIZATION,ORGANIZATION,O,O,O,O,O,O,O,O,O,O,O,O,O,O,O,O,O,O,O,O,O,O,O","B-PP,B-NP,O,B-PP,B-NP,I-NP,B-PP,B-NP,O,B-PP,B-NP,I-NP,O,B-NP,I-NP,I-NP,I-NP,B-VP,B-PRT,B-NP,I-NP,I-NP,I-NP,I-NP,I-NP,I-NP,I-NP,I-NP,O,B-VP,B-PP,B-NP,I-NP,I-NP,I-NP,B-PP,B-PP,B-NP,I-NP,B-PP,B-NP,O,B-NP,I-NP,I-NP,I-NP,I-NP,I-NP,I-NP,I-NP,B-PP,B-NP,O,B-NP,I-NP,O,B-NP,I-NP,O,B-NP,I-NP,I-NP,I-NP,I-NP,O,B-CONJP,I-CONJP,I-CONJP,B-NP,I-NP,I-NP,I-NP,I-NP,I-NP,I-NP,I-NP,I-NP,I-NP,B-VP,I-VP,I-VP,B-NP,I-NP,B-PP,B-NP,I-NP,O"
E:428823888,share which increased by 36% between 2000 and 2017,2017,0,"According to the OECD Health at a Glance Indicators ( OECD , 2019 ) , in 2017 Italy had the largest share ( 55 vs 34 % OECD average ) of medical doctors aged 55 and over among all OECD countries - a share which increased by 36 % between 2000 and 2017 .","VBG,TO,DT,NNP,NNP,IN,DT,NNP,NNPS,-LRB-,NNP,,,CD,-RRB-,,,IN,CD,NNP,VBD,DT,JJS,NN,-LRB-,CD,CC,CD,NN,NNP,JJ,-RRB-,IN,JJ,NNS,JJ,CD,CC,IN,IN,DT,NNP,NNS,:,DT,NN,WDT,VBN,IN,CD,NN,IN,CD,CC,CD,.","O,O,O,ORGANIZATION,ORGANIZATION,O,O,O,O,O,ORGANIZATION,O,DATE,O,O,O,DATE,COUNTRY,O,O,O,O,O,NUMBER,O,PERCENT,PERCENT,O,O,O,O,O,O,O,NUMBER,O,O,O,O,ORGANIZATION,O,O,O,O,O,O,O,PERCENT,PERCENT,O,DATE,DATE,DATE,O","B-PP,B-PP,B-NP,I-NP,I-NP,B-PP,B-NP,I-NP,I-NP,I-NP,I-NP,O,B-NP,I-NP,O,B-PP,B-NP,I-NP,B-VP,B-NP,I-NP,I-NP,B-VP,B-NP,I-NP,I-NP,I-NP,I-NP,I-NP,I-NP,B-PP,B-NP,I-NP,B-ADJP,B-ADVP,I-ADVP,I-ADVP,B-PP,B-NP,I-NP,I-NP,O,B-NP,I-NP,B-NP,B-VP,B-PP,B-NP,I-NP,B-PP,B-NP,I-NP,I-NP,O"
E:260642419,share which increased,2017,0,"According to the OECD Health at a Glance Indicators ( OECD , 2019 ) , in 2017 Italy had the largest share ( 55 vs 34 % OECD average ) of medical doctors aged 55 and over among all OECD countries - a share which increased by 36 % between 2000 and 2017 .","VBG,TO,DT,NNP,NNP,IN,DT,NNP,NNPS,-LRB-,NNP,,,CD,-RRB-,,,IN,CD,NNP,VBD,DT,JJS,NN,-LRB-,CD,CC,CD,NN,NNP,JJ,-RRB-,IN,JJ,NNS,JJ,CD,CC,IN,IN,DT,NNP,NNS,:,DT,NN,WDT,VBN,IN,CD,NN,IN,CD,CC,CD,.","O,O,O,ORGANIZATION,ORGANIZATION,O,O,O,O,O,ORGANIZATION,O,DATE,O,O,O,DATE,COUNTRY,O,O,O,O,O,NUMBER,O,PERCENT,PERCENT,O,O,O,O,O,O,O,NUMBER,O,O,O,O,ORGANIZATION,O,O,O,O,O,O,O,PERCENT,PERCENT,O,DATE,DATE,DATE,O","B-PP,B-PP,B-NP,I-NP,I-NP,B-PP,B-NP,I-NP,I-NP,I-NP,I-NP,O,B-NP,I-NP,O,B-PP,B-NP,I-NP,B-VP,B-NP,I-NP,I-NP,B-VP,B-NP,I-NP,I-NP,I-NP,I-NP,I-NP,I-NP,B-PP,B-NP,I-NP,B-ADJP,B-ADVP,I-ADVP,I-ADVP,B-PP,B-NP,I-NP,I-NP,O,B-NP,I-NP,B-NP,B-VP,B-PP,B-NP,I-NP,B-PP,B-NP,I-NP,I-NP,O"
E:1158695828,number increased,2017,4,"According to the OECD Health at a Glance Indicators ( OECD , 2019 ) , in 2017 Italy had the largest share ( 55 vs 34 % OECD average ) of medical doctors aged 55 and over among all OECD countries - a share which increased by 36 % between 2000 and 2017 .","VBG,TO,DT,NNP,NNP,IN,DT,NNP,NNPS,-LRB-,NNP,,,CD,-RRB-,,,IN,CD,NNP,VBD,DT,JJS,NN,-LRB-,CD,CC,CD,NN,NNP,JJ,-RRB-,IN,JJ,NNS,JJ,CD,CC,IN,IN,DT,NNP,NNS,:,DT,NN,WDT,VBN,IN,CD,NN,IN,CD,CC,CD,.","O,O,O,ORGANIZATION,ORGANIZATION,O,O,O,O,O,ORGANIZATION,O,DATE,O,O,O,DATE,COUNTRY,O,O,O,O,O,NUMBER,O,PERCENT,PERCENT,O,O,O,O,O,O,O,NUMBER,O,O,O,O,ORGANIZATION,O,O,O,O,O,O,O,PERCENT,PERCENT,O,DATE,DATE,DATE,O","B-PP,B-PP,B-NP,I-NP,I-NP,B-PP,B-NP,I-NP,I-NP,I-NP,I-NP,O,B-NP,I-NP,O,B-PP,B-NP,I-NP,B-VP,B-NP,I-NP,I-NP,B-VP,B-NP,I-NP,I-NP,I-NP,I-NP,I-NP,I-NP,B-PP,B-NP,I-NP,B-ADJP,B-ADVP,I-ADVP,I-ADVP,B-PP,B-NP,I-NP,I-NP,O,B-NP,I-NP,B-NP,B-VP,B-PP,B-NP,I-NP,B-PP,B-NP,I-NP,I-NP,O"
